date,ticker,shares_outstanding,price,shares_source
2026-09-10,AMLP,240298642.25956383,55.94,aum_implied
2026-09-11,AMLP,239314688.41018337,56.17,aum_implied
2026-09-12,AMLP,240901542.07885307,55.8,aum_implied
2026-09-14,AMLP,240599714.48004296,55.87,aum_implied
2026-09-15,AMLP,242407684.4479949,55.4533,aum_implied
2026-09-16,AMLP,242407684.4479949,55.4533,aum_implied
2026-09-17,AMLP,242407684.4479949,55.4533,aum_implied
2026-09-18,AMLP,245163342.1119825,54.83,aum_implied
2026-09-22,AMLP,247197548.45638373,54.3788,aum_implied
2026-09-10,DBA,45734026.24527654,29.11,aum_implied
2026-09-11,DBA,45891675.42226818,29.01,aum_implied
2026-09-12,DBA,45484028.15169115,29.27,aum_implied
2026-09-14,DBA,46066349.619377166,28.9,aum_implied
2026-09-15,DBA,45939182.3326432,28.98,aum_implied
2026-09-16,DBA,45939182.3326432,28.98,aum_implied
2026-09-17,DBA,45939182.3326432,28.98,aum_implied
2026-09-18,DBA,46194222.90076336,28.82,aum_implied
2026-09-22,DBA,46419717.71269177,28.68,aum_implied
2026-08-05,EEM,752400000.0,66.0,
2026-08-07,EEM,752400000.0,65.0199966430664,
2026-08-10,EEM,752400000.0,65.16999816894531,yfinance
2026-08-14,EEM,752400000.0,66.61000061035156,yfinance
2026-08-17,EEM,752400000.0,67.31999969482422,yfinance
2026-08-18,EEM,752400000.0,65.33999633789062,yfinance
2026-08-21,EEM,752400000.0,67.12000274658203,yfinance
2026-08-28,EEM,752400000.0,67.61000061035156,yfinance
2026-08-29,EEM,752400000.0,67.13999938964844,yfinance
2026-09-03,EEM,752400000.0,67.47000122070312,yfinance
2026-09-04,EEM,435859984.8879263,66.90015,aum_implied
2026-09-07,EEM,456708678.6389055,68.3303,aum_implied
2026-09-08,EEM,456708678.6389055,68.3303,aum_implied
2026-09-09,EEM,456708678.6389055,68.3303,aum_implied
2026-09-10,EEM,453746028.2407714,68.77645,aum_implied
2026-09-11,EEM,455723072.6095124,68.47808,aum_implied
2026-09-12,EEM,462921542.17776805,67.41324,aum_implied
2026-09-14,EEM,459295455.8553287,67.94546,aum_implied
2026-09-15,EEM,470537376.046276,66.32213,aum_implied
2026-09-16,EEM,470537376.046276,66.32213,aum_implied
2026-09-17,EEM,470537376.046276,66.32213,aum_implied
2026-09-18,EEM,473971342.5034195,65.84162,aum_implied
2026-09-22,EEM,451980662.836512,69.04508,aum_implied
2026-09-10,EFA,736419206.9834257,107.70645,aum_implied
2026-09-11,EFA,743883705.4529177,106.62567,aum_implied
2026-09-12,EFA,751267820.2566718,105.57766,aum_implied
2026-09-14,EFA,744389782.6043296,106.55318,aum_implied
2026-09-15,EFA,750852346.054492,105.63608,aum_implied
2026-09-16,EFA,750852346.054492,105.63608,aum_implied
2026-09-17,EFA,750852346.054492,105.63608,aum_implied
2026-09-18,EFA,757780947.5894862,104.67022,aum_implied
2026-09-22,EFA,747559677.8024335,106.10136,aum_implied
2026-09-10,EMB,158238418.06255436,94.26618,aum_implied
2026-09-11,EMB,158603387.20368454,94.04926,aum_implied
2026-09-12,EMB,158603387.20368454,94.04926,aum_implied
2026-09-14,EMB,159561288.4040321,93.48465,aum_implied
2026-09-15,EMB,160099877.47149947,93.17016,aum_implied
2026-09-16,EMB,160099877.47149947,93.17016,aum_implied
2026-09-17,EMB,160099877.47149947,93.17016,aum_implied
2026-09-18,EMB,160257640.7597721,93.07844,aum_implied
2026-09-22,EMB,159517025.8256311,93.51059,aum_implied
2026-09-10,EWJ,231908620.1621672,97.82867,aum_implied
2026-09-11,EWJ,233714936.5145132,97.07258,aum_implied
2026-09-12,EWJ,234897742.3745477,96.58378,aum_implied
2026-09-14,EWJ,230750277.1772429,98.31976,aum_implied
2026-09-15,EWJ,233695171.53702605,97.08079,aum_implied
2026-09-16,EWJ,233695171.53702605,97.08079,aum_implied
2026-09-17,EWJ,233695171.53702605,97.08079,aum_implied
2026-09-18,EWJ,234821011.5702124,96.61534,aum_implied
2026-09-22,EWJ,230730329.9377005,98.32826,aum_implied
2026-09-10,FXI,120321968.62145534,35.16288,aum_implied
2026-09-11,FXI,121764146.10890736,34.74641,aum_implied
2026-09-12,FXI,122565543.02211928,34.51922,aum_implied
2026-09-14,FXI,122140165.77635203,34.63944,aum_implied
2026-09-15,FXI,121144033.7621946,34.92427,aum_implied
2026-09-16,FXI,121144033.7621946,34.92427,aum_implied
2026-09-17,FXI,121144033.7621946,34.92427,aum_implied
2026-09-18,FXI,124305389.66455293,34.03607,aum_implied
2026-09-22,FXI,120881705.4599335,35.00006,aum_implied
2026-08-05,GLD,260300000.0,389.6400146484375,
2026-08-07,GLD,260300000.0,398.4700012207031,
2026-08-10,GLD,260300000.0,402.5400085449219,yfinance
2026-08-11,GLD,260300000.0,400.9599914550781,yfinance
2026-08-12,GLD,260300000.0,404.9200134277344,yfinance
2026-08-13,GLD,260300000.0,398.9599914550781,yfinance
2026-08-14,GLD,260300000.0,401.4800109863281,yfinance
2026-08-17,GLD,260300000.0,405.489990234375,yfinance
2026-08-18,GLD,260300000.0,398.5499877929688,yfinance
2026-08-19,GLD,260300000.0,413.8399963378906,yfinance
2026-08-20,GLD,260300000.0,415.260009765625,yfinance
2026-08-21,GLD,260300000.0,423.3599853515625,yfinance
2026-08-24,GLD,260300000.0,426.6900024414063,yfinance
2026-08-25,GLD,260300000.0,428.0700073242188,yfinance
2026-08-27,GLD,260300000.0,421.3200073242188,yfinance
2026-08-28,GLD,260300000.0,422.6000061035156,yfinance
2026-08-29,GLD,260300000.0,408.8900146484375,yfinance
2026-09-01,GLD,260300000.0,396.75,yfinance
2026-09-02,GLD,260300000.0,402.7799987792969,yfinance
2026-09-03,GLD,260300000.0,410.2200012207031,yfinance
2026-09-04,GLD,380359661.47906697,401.88593,aum_implied
2026-09-07,GLD,377511319.1707026,404.91818,aum_implied
2026-09-08,GLD,377511319.1707026,404.91818,aum_implied
2026-09-09,GLD,377511319.1707026,404.91818,aum_implied
2026-09-10,GLD,378927277.5381372,403.4051,aum_implied
2026-09-11,GLD,377574745.8961113,404.85016,aum_implied
2026-09-12,GLD,377574745.8961113,404.85016,aum_implied
2026-09-14,GLD,380050985.7255996,402.21234,aum_implied
2026-09-15,GLD,390677515.5067295,391.27206,aum_implied
2026-09-16,GLD,390677515.5067295,391.27206,aum_implied
2026-09-17,GLD,390677515.5067295,391.27206,aum_implied
2026-09-18,GLD,385169979.0194117,396.86685,aum_implied
2026-09-22,GLD,385543109.8391264,396.48276,aum_implied
2026-09-10,HACK,27585966.256624337,110.1431,aum_implied
2026-09-11,HACK,27339412.10980381,111.1364,aum_implied
2026-09-12,HACK,27484406.074711826,110.5501,aum_implied
2026-09-14,HACK,27665438.732111588,109.8267,aum_implied
2026-09-15,HACK,25672081.81529373,118.3544,aum_implied
2026-09-16,HACK,25672081.81529373,118.3544,aum_implied
2026-09-17,HACK,25672081.81529373,118.3544,aum_implied
2026-09-18,HACK,25466293.411828604,119.3108,aum_implied
2026-09-22,HACK,24750341.025446776,122.7621,aum_implied
2026-08-05,HYG,195600000.0,79.55000305175781,
2026-08-07,HYG,195600000.0,79.45999908447266,
2026-08-10,HYG,195600000.0,79.4800033569336,yfinance
2026-08-14,HYG,195600000.0,79.70999908447266,yfinance
2026-08-17,HYG,195600000.0,79.61000061035156,yfinance
2026-08-18,HYG,195600000.0,79.52999877929688,yfinance
2026-08-21,HYG,195600000.0,79.61000061035156,yfinance
2026-08-28,HYG,195600000.0,79.87000274658203,yfinance
2026-08-29,HYG,195600000.0,79.73999786376953,yfinance
2026-09-03,HYG,195600000.0,79.20999908447266,yfinance
2026-09-04,HYG,204582653.65540203,79.11811,aum_implied
2026-09-07,HYG,204522525.90522507,79.14137,aum_implied
2026-09-08,HYG,204522525.90522507,79.14137,aum_implied
2026-09-09,HYG,204522525.90522507,79.14137,aum_implied
2026-09-10,HYG,204565304.4897922,79.12482,aum_implied
2026-09-11,HYG,205025079.94565496,78.94738,aum_implied
2026-09-12,HYG,205025079.94565496,78.94738,aum_implied
2026-09-14,HYG,205640876.9451069,78.71097,aum_implied
2026-09-15,HYG,206168222.09349063,78.50964,aum_implied
2026-09-16,HYG,206168222.09349063,78.50964,aum_implied
2026-09-17,HYG,206168222.09349063,78.50964,aum_implied
2026-09-18,HYG,206313859.16525584,78.45422,aum_implied
2026-09-22,HYG,205888746.04868385,78.61621,aum_implied
2026-09-10,IAI,7291241.785649767,193.30196,aum_implied
2026-09-11,IAI,7354327.426489799,191.64381,aum_implied
2026-09-12,IAI,7430476.274728449,189.67981,aum_implied
2026-09-14,IAI,7396192.424143194,190.55904,aum_implied
2026-09-15,IAI,7460673.388382575,188.91208,aum_implied
2026-09-16,IAI,7460673.388382575,188.91208,aum_implied
2026-09-17,IAI,7460673.388382575,188.91208,aum_implied
2026-09-18,IAI,7788207.806546318,180.96735,aum_implied
2026-09-22,IAI,7530065.138226394,187.1712,aum_implied
2026-08-05,IBB,69700000.0,190.1499938964844,
2026-08-07,IBB,69700000.0,192.97000122070312,
2026-08-10,IBB,69700000.0,200.0200042724609,yfinance
2026-08-14,IBB,69700000.0,198.259994506836,yfinance
2026-08-17,IBB,69700000.0,201.92999267578125,yfinance
2026-08-18,IBB,69700000.0,203.5599975585937,yfinance
2026-08-21,IBB,69700000.0,213.5599975585937,yfinance
2026-08-28,IBB,69700000.0,214.8000030517578,yfinance
2026-08-29,IBB,69700000.0,208.9499969482422,yfinance
2026-09-03,IBB,69700000.0,213.8099975585937,yfinance
2026-09-04,IBB,48992941.99150656,213.80507,aum_implied
2026-09-07,IBB,49427901.83689302,211.92361,aum_implied
2026-09-08,IBB,49427901.83689302,211.92361,aum_implied
2026-09-09,IBB,49427901.83689302,211.92361,aum_implied
2026-09-10,IBB,50532718.723274186,207.29024,aum_implied
2026-09-11,IBB,50983261.77951352,205.4584,aum_implied
2026-09-12,IBB,50983261.77951352,205.4584,aum_implied
2026-09-14,IBB,51634467.81118228,202.86719,aum_implied
2026-09-15,IBB,51194517.42888943,204.61057,aum_implied
2026-09-16,IBB,51194517.42888943,204.61057,aum_implied
2026-09-17,IBB,51194517.42888943,204.61057,aum_implied
2026-09-18,IBB,51742573.46277729,202.44334,aum_implied
2026-09-22,IBB,50552828.624485046,207.20778,aum_implied
2026-09-10,IGV,153181974.0736841,102.76354,aum_implied
2026-09-11,IGV,154537590.18688896,101.86209,aum_implied
2026-09-12,IGV,154537590.18688896,101.86209,aum_implied
2026-09-14,IGV,154978873.8142038,101.57205,aum_implied
2026-09-15,IGV,147677719.56610966,106.59375,aum_implied
2026-09-16,IGV,147677719.56610966,106.59375,aum_implied
2026-09-17,IGV,147677719.56610966,106.59375,aum_implied
2026-09-18,IGV,149927066.86719775,104.99453,aum_implied
2026-09-22,IGV,147106936.02887428,107.00734,aum_implied
2026-09-10,IHI,67181113.0917994,51.70481,aum_implied
2026-09-11,IHI,67498181.43237147,51.46193,aum_implied
2026-09-12,IHI,68231677.60487351,50.90871,aum_implied
2026-09-14,IHI,68257594.96382153,50.88938,aum_implied
2026-09-15,IHI,66956847.94264389,51.87799,aum_implied
2026-09-16,IHI,66956847.94264389,51.87799,aum_implied
2026-09-17,IHI,66956847.94264389,51.87799,aum_implied
2026-09-18,IHI,66922417.93996225,51.90468,aum_implied
2026-09-22,IHI,66826860.28369203,51.9789,aum_implied
2026-09-10,INDA,137310443.06238225,49.13913,aum_implied
2026-09-11,INDA,138471095.98838434,48.72725,aum_implied
2026-09-12,INDA,139108811.56493285,48.50387,aum_implied
2026-09-14,INDA,138636285.33780816,48.66919,aum_implied
2026-09-15,INDA,138880178.62773785,48.58372,aum_implied
2026-09-16,INDA,138880178.62773785,48.58372,aum_implied
2026-09-17,INDA,138880178.62773785,48.58372,aum_implied
2026-09-18,INDA,141656705.7150883,47.63146,aum_implied
2026-09-22,INDA,139109528.56714612,48.50362,aum_implied
2026-09-04,ITA,61037871.19867543,223.28171,aum_implied
2026-09-07,ITA,60414474.25208905,225.58568,aum_implied
2026-09-08,ITA,60414474.25208905,225.58568,aum_implied
2026-09-09,ITA,60414474.25208905,225.58568,aum_implied
2026-09-10,ITA,60997082.034535766,223.43102,aum_implied
2026-09-11,ITA,62129426.89435932,219.35886,aum_implied
2026-09-12,ITA,62444769.4951013,218.25111,aum_implied
2026-09-14,ITA,62215807.93437973,219.0543,aum_implied
2026-09-15,ITA,62893888.651481405,216.6926,aum_implied
2026-09-16,ITA,62893888.651481405,216.6926,aum_implied
2026-09-17,ITA,62893888.651481405,216.6926,aum_implied
2026-09-18,ITA,63318402.34008766,215.2398,aum_implied
2026-09-22,ITA,63044047.41903467,216.17648,aum_implied
2026-08-05,IWM,281049984.0,299.7699890136719,
2026-08-07,IWM,281049984.0,301.5599975585937,
2026-08-10,IWM,281049984.0,299.9800109863281,yfinance
2026-08-11,IWM,281049984.0,300.989990234375,yfinance
2026-08-12,IWM,281049984.0,302.7099914550781,yfinance
2026-08-13,IWM,281049984.0,303.5,yfinance
2026-08-14,IWM,281049984.0,305.0899963378906,yfinance
2026-08-17,IWM,281049984.0,304.0599975585937,yfinance
2026-08-18,IWM,281049984.0,300.2300109863281,yfinance
2026-08-19,IWM,281049984.0,301.7200012207031,yfinance
2026-08-20,IWM,281049984.0,297.6700134277344,yfinance
2026-08-21,IWM,281049984.0,299.9599914550781,yfinance
2026-08-24,IWM,281049984.0,297.9700012207031,yfinance
2026-08-25,IWM,281049984.0,299.2300109863281,yfinance
2026-08-27,IWM,281049984.0,298.92999267578125,yfinance
2026-08-28,IWM,281049984.0,299.8099975585937,yfinance
2026-08-29,IWM,281049984.0,295.75,yfinance
2026-09-01,IWM,281049984.0,290.57000732421875,yfinance
2026-09-02,IWM,281049984.0,294.010009765625,yfinance
2026-09-03,IWM,281049984.0,295.19000244140625,yfinance
2026-09-04,IWM,273918000.2204662,293.74118,aum_implied
2026-09-07,IWM,271792248.0649483,296.0386,aum_implied
2026-09-08,IWM,271792248.0649483,296.0386,aum_implied
2026-09-09,IWM,271792248.0649483,296.0386,aum_implied
2026-09-10,IWM,273195199.34819674,294.51834,aum_implied
2026-09-11,IWM,276828561.8029484,290.6528,aum_implied
2026-09-12,IWM,276828561.8029484,290.6528,aum_implied
2026-09-14,IWM,278409315.6831534,289.00253,aum_implied
2026-09-15,IWM,279542711.1999627,287.83078,aum_implied
2026-09-16,IWM,279542711.1999627,287.83078,aum_implied
2026-09-17,IWM,279542711.1999627,287.83078,aum_implied
2026-09-18,IWM,283482359.7588281,283.8307,aum_implied
2026-09-22,IWM,281837986.1758884,285.4867,aum_implied
2026-09-10,IWO,39462741.46191025,376.91452,aum_implied
2026-09-11,IWO,40104023.61384644,370.88748,aum_implied
2026-09-12,IWO,40104023.61384644,370.88748,aum_implied
2026-09-14,IWO,40460778.85626967,367.61725,aum_implied
2026-09-15,IWO,40700391.72205455,365.453,aum_implied
2026-09-16,IWO,40700391.72205455,365.453,aum_implied
2026-09-17,IWO,40700391.72205455,365.453,aum_implied
2026-09-18,IWO,41215824.96253978,360.88275,aum_implied
2026-09-22,IWO,40732405.603077196,365.16577,aum_implied
2026-09-10,KBE,23709139.94291256,68.37581,aum_implied
2026-09-11,KBE,23953534.920708567,67.67818,aum_implied
2026-09-12,KBE,23855958.325362373,67.955,aum_implied
2026-09-14,KBE,23825305.00453908,68.04243,aum_implied
2026-09-15,KBE,23800092.638117783,68.11451,aum_implied
2026-09-16,KBE,23800092.638117783,68.11451,aum_implied
2026-09-17,KBE,23800092.638117783,68.11451,aum_implied
2026-09-18,KBE,24271617.135478072,66.79125,aum_implied
2026-09-22,KBE,24551582.27474276,66.02962,aum_implied
2026-09-04,KMLM,13598801.845748188,30.34,aum_implied
2026-09-07,KMLM,13780482.56513026,29.94,aum_implied
2026-09-08,KMLM,13780482.56513026,29.94,aum_implied
2026-09-09,KMLM,13780482.56513026,29.94,aum_implied
2026-09-10,KMLM,13725470.658682637,30.06,aum_implied
2026-09-11,KMLM,13571962.10526316,30.4,aum_implied
2026-09-12,KMLM,13326474.418604651,30.96,aum_implied
2026-09-14,KMLM,13443716.129032258,30.69,aum_implied
2026-09-15,KMLM,13443716.129032258,30.69,aum_implied
2026-09-16,KMLM,13443716.129032258,30.69,aum_implied
2026-09-17,KMLM,13443716.129032258,30.69,aum_implied
2026-09-18,KMLM,13335088.817065287,30.94,aum_implied
2026-09-22,KMLM,13465654.308093995,30.64,aum_implied
2026-09-04,KRE,54067947.83861547,74.18208,aum_implied
2026-09-07,KRE,53284122.87381505,75.27332,aum_implied
2026-09-08,KRE,53284122.87381505,75.27332,aum_implied
2026-09-09,KRE,53284122.87381505,75.27332,aum_implied
2026-09-10,KRE,53986148.52678154,74.29448,aum_implied
2026-09-11,KRE,54618818.17525694,73.4339,aum_implied
2026-09-12,KRE,54321320.6228338,73.83607,aum_implied
2026-09-14,KRE,54268416.39036614,73.90805,aum_implied
2026-09-15,KRE,54113561.56371699,74.11955,aum_implied
2026-09-16,KRE,54113561.56371699,74.11955,aum_implied
2026-09-17,KRE,54113561.56371699,74.11955,aum_implied
2026-09-18,KRE,55108963.97496206,72.78077,aum_implied
2026-09-22,KRE,55725397.65173426,71.97567,aum_implied
2026-09-10,LQD,303840489.3185353,105.45932,aum_implied
2026-09-11,LQD,304403434.36506337,105.26429,aum_implied
2026-09-12,LQD,304403434.36506337,105.26429,aum_implied
2026-09-14,LQD,307100151.6006239,104.33994,aum_implied
2026-09-15,LQD,307149989.17305017,104.32301,aum_implied
2026-09-16,LQD,307149989.17305017,104.32301,aum_implied
2026-09-17,LQD,307149989.17305017,104.32301,aum_implied
2026-09-18,LQD,306911104.3702165,104.40421,aum_implied
2026-09-22,LQD,305065619.45546186,105.0358,aum_implied
2026-09-10,MDY,38223260.10483401,686.8,aum_implied
2026-09-11,MDY,38635605.751541644,679.47,aum_implied
2026-09-12,MDY,38635605.751541644,679.47,aum_implied
2026-09-14,MDY,38672601.04298636,678.82,aum_implied
2026-09-15,MDY,38672601.04298636,678.82,aum_implied
2026-09-16,MDY,38672601.04298636,678.82,aum_implied
2026-09-17,MDY,39037198.19176778,672.48,aum_implied
2026-09-18,MDY,39435967.79233266,665.68,aum_implied
2026-09-22,MDY,39273723.56118068,668.43,aum_implied
2026-09-10,OIH,4705884.022122139,428.53,aum_implied
2026-09-11,OIH,4697443.466107617,429.3,aum_implied
2026-09-12,OIH,4798487.793270833,420.26,aum_implied
2026-09-14,OIH,4795292.909116849,420.54,aum_implied
2026-09-15,OIH,5017572.292304247,401.91,aum_implied
2026-09-16,OIH,5017572.292304247,401.91,aum_implied
2026-09-17,OIH,5017572.292304247,401.91,aum_implied
2026-09-18,OIH,5041909.34320074,399.97,aum_implied
2026-09-22,OIH,5082188.70967742,396.8,aum_implied
2026-09-04,PAVE,248707121.0313076,54.3,aum_implied
2026-09-07,PAVE,244918329.19840407,55.14,aum_implied
2026-09-08,PAVE,244918329.19840407,55.14,aum_implied
2026-09-09,PAVE,244918329.19840407,55.14,aum_implied
2026-09-10,PAVE,246572880.62808105,54.77,aum_implied
2026-09-11,PAVE,249534306.5779749,54.12,aum_implied
2026-09-12,PAVE,252993568.22780067,53.38,aum_implied
2026-09-14,PAVE,249718873.37278107,54.08,aum_implied
2026-09-15,PAVE,254999937.16012084,52.96,aum_implied
2026-09-16,PAVE,254999937.16012084,52.96,aum_implied
2026-09-17,PAVE,254999937.16012084,52.96,aum_implied
2026-09-18,PAVE,256112206.9410203,52.73,aum_implied
2026-09-22,PAVE,254471390.08856228,53.07,aum_implied
2026-09-10,PBJ,1953186.4864864864,47.36,aum_implied
2026-09-11,PBJ,1971082.7189431067,46.93,aum_implied
2026-09-12,PBJ,1971082.7189431067,46.93,aum_implied
2026-09-14,PBJ,1966055.5154091392,47.05,aum_implied
2026-09-15,PBJ,1952774.1608613047,47.37,aum_implied
2026-09-16,PBJ,1952774.1608613047,47.37,aum_implied
2026-09-17,PBJ,1952774.1608613047,47.37,aum_implied
2026-09-18,PBJ,1969404.1302959337,46.97,aum_implied
2026-09-22,PBJ,2013997.648595689,45.93,aum_implied
2026-09-04,PDBC,382682675.6302521,19.04,aum_implied
2026-09-07,PDBC,382682675.6302521,19.04,aum_implied
2026-09-08,PDBC,382682675.6302521,19.04,aum_implied
2026-09-09,PDBC,382682675.6302521,19.04,aum_implied
2026-09-10,PDBC,377723076.412649,19.29,aum_implied
2026-09-11,PDBC,372509107.5664622,19.56,aum_implied
2026-09-12,PDBC,363949957.24275726,20.02,aum_implied
2026-09-14,PDBC,368925475.6455696,19.75,aum_implied
2026-09-15,PDBC,368365932.45702726,19.78,aum_implied
2026-09-16,PDBC,368365932.45702726,19.78,aum_implied
2026-09-17,PDBC,368365932.45702726,19.78,aum_implied
2026-09-18,PDBC,367066909.0176322,19.85,aum_implied
2026-09-22,PDBC,374423337.307297,19.46,aum_implied
2026-09-10,PPH,9354186.454183267,110.44,aum_implied
2026-09-11,PPH,9380517.134295832,110.13,aum_implied
2026-09-12,PPH,9427599.48895784,109.58,aum_implied
2026-09-14,PPH,9438797.185929649,109.45,aum_implied
2026-09-15,PPH,9294434.11605938,111.15,aum_implied
2026-09-16,PPH,9294434.11605938,111.15,aum_implied
2026-09-17,PPH,9294434.11605938,111.15,aum_implied
2026-09-18,PPH,9349953.407548197,110.49,aum_implied
2026-09-22,PPH,9251982.375067169,111.66,aum_implied
2026-08-05,QQQ,393100000.0,717.2999877929688,
2026-08-07,QQQ,393100000.0,723.030029296875,
2026-08-10,QQQ,393100000.0,720.8699951171875,yfinance
2026-08-11,QQQ,393100000.0,718.4500122070312,yfinance
2026-08-12,QQQ,393100000.0,723.7000122070312,yfinance
2026-08-13,QQQ,393100000.0,732.0700073242188,yfinance
2026-08-14,QQQ,393100000.0,731.0700073242188,yfinance
2026-08-17,QQQ,393100000.0,729.8699951171875,yfinance
2026-08-18,QQQ,393100000.0,717.510009765625,yfinance
2026-08-19,QQQ,393100000.0,716.0800170898438,yfinance
2026-08-20,QQQ,393100000.0,710.9299926757812,yfinance
2026-08-21,QQQ,393100000.0,713.4400024414062,yfinance
2026-08-24,QQQ,393100000.0,706.3200073242188,yfinance
2026-08-25,QQQ,393100000.0,710.719970703125,yfinance
2026-08-27,QQQ,393100000.0,711.3699951171875,yfinance
2026-08-28,QQQ,393100000.0,721.1099853515625,yfinance
2026-08-29,QQQ,393100000.0,716.4299926757812,yfinance
2026-09-01,QQQ,393100000.0,707.6400146484375,yfinance
2026-09-02,QQQ,393100000.0,709.239990234375,yfinance
2026-09-03,QQQ,393100000.0,717.6699829101562,yfinance
2026-09-04,QQQ,689424194.6366636,709.26,aum_implied
2026-09-07,QQQ,679914630.9519175,719.18,aum_implied
2026-09-08,QQQ,679914630.9519175,719.18,aum_implied
2026-09-09,QQQ,679914630.9519175,719.18,aum_implied
2026-09-10,QQQ,680757081.8026146,718.29,aum_implied
2026-09-11,QQQ,682753186.0092992,716.19,aum_implied
2026-09-12,QQQ,690153991.1758479,708.51,aum_implied
2026-09-14,QQQ,683899081.5088323,714.99,aum_implied
2026-09-15,QQQ,689579755.0246792,709.1,aum_implied
2026-09-16,QQQ,689579755.0246792,709.1,aum_implied
2026-09-17,QQQ,689579755.0246792,709.1,aum_implied
2026-09-18,QQQ,693875500.969193,704.71,aum_implied
2026-09-22,QQQ,659546263.488852,741.39,aum_implied
2026-08-05,RING,11500000.0,72.19000244140625,
2026-08-07,RING,11500000.0,78.0199966430664,
2026-08-10,RING,11500000.0,78.37999725341797,yfinance
2026-08-11,RING,11500000.0,78.12999725341797,yfinance
2026-08-12,RING,11500000.0,79.08999633789062,yfinance
2026-08-13,RING,11500000.0,76.63999938964844,yfinance
2026-08-14,RING,11500000.0,78.45999908447266,yfinance
2026-08-17,RING,11500000.0,80.27999877929688,yfinance
2026-08-18,RING,11500000.0,77.69999694824219,yfinance
2026-08-19,RING,11500000.0,85.0999984741211,yfinance
2026-08-20,RING,11500000.0,87.72000122070312,yfinance
2026-08-21,RING,11500000.0,90.8499984741211,yfinance
2026-08-24,RING,11500000.0,91.23999786376952,yfinance
2026-08-25,RING,11500000.0,93.16999816894533,yfinance
2026-08-27,RING,11500000.0,90.3499984741211,yfinance
2026-08-28,RING,11500000.0,91.0,yfinance
2026-08-29,RING,11500000.0,87.45999908447266,yfinance
2026-09-01,RING,11500000.0,83.12000274658203,yfinance
2026-09-02,RING,11500000.0,85.5199966430664,yfinance
2026-09-03,RING,11500000.0,89.08999633789062,yfinance
2026-09-04,RING,29485899.343754098,85.33539,aum_implied
2026-09-07,RING,28743187.66119697,87.54042,aum_implied
2026-09-08,RING,28743187.66119697,87.54042,aum_implied
2026-09-09,RING,28743187.66119697,87.54042,aum_implied
2026-09-10,RING,29067138.267186925,86.56479,aum_implied
2026-09-11,RING,28846585.40097383,87.22664,aum_implied
2026-09-12,RING,29742421.54701116,84.59939,aum_implied
2026-09-14,RING,29481926.28928834,85.34689,aum_implied
2026-09-15,RING,30306805.686792787,83.02395,aum_implied
2026-09-16,RING,30306805.686792787,83.02395,aum_implied
2026-09-17,RING,30306805.686792787,83.02395,aum_implied
2026-09-18,RING,30881781.326431524,81.47816,aum_implied
2026-09-22,RING,30361751.918883797,82.8737,aum_implied
2026-09-04,SCHD,2992356862.970411,34.81,aum_implied
2026-09-07,SCHD,3228081611.034483,34.8,aum_implied
2026-09-08,SCHD,3228081611.034483,34.8,aum_implied
2026-09-09,SCHD,3228081611.034483,34.8,aum_implied
2026-09-10,SCHD,3267517163.0017447,34.38,aum_implied
2026-09-11,SCHD,3297248020.66334,34.07,aum_implied
2026-09-12,SCHD,3305981167.274868,33.98,aum_implied
2026-09-14,SCHD,3292416180.07034,34.12,aum_implied
2026-09-15,SCHD,3272276145.179144,34.33,aum_implied
2026-09-16,SCHD,3272276145.179144,34.33,aum_implied
2026-09-17,SCHD,3272276145.179144,34.33,aum_implied
2026-09-18,SCHD,3320639670.824712,33.83,aum_implied
2026-09-22,SCHD,3333449260.0593467,33.7,aum_implied
2026-09-04,SGOV,995543428.8528838,100.39655,aum_implied
2026-09-07,SGOV,1054894875.2484156,100.46165,aum_implied
2026-09-08,SGOV,1054894875.2484156,100.46165,aum_implied
2026-09-09,SGOV,1054894875.2484156,100.46165,aum_implied
2026-09-10,SGOV,1054805733.7632852,100.47014,aum_implied
2026-09-11,SGOV,1054710939.0334336,100.47917,aum_implied
2026-09-12,SGOV,1054710939.0334336,100.47917,aum_implied
2026-09-14,SGOV,1054393191.3267856,100.50945,aum_implied
2026-09-15,SGOV,1054300148.908179,100.51832,aum_implied
2026-09-16,SGOV,1054300148.908179,100.51832,aum_implied
2026-09-17,SGOV,1054300148.908179,100.51832,aum_implied
2026-09-18,SGOV,1054084546.6350929,100.53888,aum_implied
2026-09-22,SGOV,1053532939.3968796,100.59152,aum_implied
2026-09-10,SKYY,21234581.61538944,159.59,aum_implied
2026-09-11,SKYY,21427928.42238381,158.15,aum_implied
2026-09-12,SKYY,21427928.42238381,158.15,aum_implied
2026-09-14,SKYY,21375216.85379084,158.54,aum_implied
2026-09-15,SKYY,20813333.005773246,162.82,aum_implied
2026-09-16,SKYY,20813333.005773246,162.82,aum_implied
2026-09-17,SKYY,20813333.005773246,162.82,aum_implied
2026-09-18,SKYY,20936777.95625849,161.86,aum_implied
2026-09-22,SKYY,20148801.236696593,168.19,aum_implied
2026-08-05,SLV,341449984.0,53.84000015258789,
2026-08-07,SLV,341449984.0,55.84999847412109,
2026-08-10,SLV,341449984.0,59.40999984741211,yfinance
2026-08-14,SLV,341449984.0,58.47999954223633,yfinance
2026-08-17,SLV,341449984.0,59.56999969482422,yfinance
2026-08-18,SLV,341449984.0,57.43999862670898,yfinance
2026-08-21,SLV,341449984.0,62.720001220703125,yfinance
2026-08-28,SLV,341449984.0,62.77000045776367,yfinance
2026-08-29,SLV,341449984.0,60.02000045776367,yfinance
2026-09-03,SLV,341449984.0,60.54999923706055,yfinance
2026-09-04,SLV,479907705.4695902,58.51389,aum_implied
2026-09-07,SLV,574398184.3511579,60.38172,aum_implied
2026-09-08,SLV,574398184.3511579,60.38172,aum_implied
2026-09-09,SLV,574398184.3511579,60.38172,aum_implied
2026-09-10,SLV,582448046.8603058,59.5472,aum_implied
2026-09-11,SLV,579466694.0668702,59.85357,aum_implied
2026-09-12,SLV,584281531.0020125,59.36034,aum_implied
2026-09-14,SLV,601407149.9219698,57.67,aum_implied
2026-09-15,SLV,611296651.3926885,56.73702,aum_implied
2026-09-16,SLV,611296651.3926885,56.73702,aum_implied
2026-09-17,SLV,611296651.3926885,56.73702,aum_implied
2026-09-18,SLV,593039402.0079434,58.48372,aum_implied
2026-09-22,SLV,582903917.7568371,59.50063,aum_implied
2026-08-05,SMH,11670900.0,575.7100219726562,
2026-08-07,SMH,11670900.0,571.47998046875,
2026-08-10,SMH,11670900.0,569.4099731445312,yfinance
2026-08-14,SMH,11670900.0,587.8200073242188,yfinance
2026-08-17,SMH,11670900.0,594.0700073242188,yfinance
2026-08-18,SMH,11670900.0,569.77001953125,yfinance
2026-08-21,SMH,11670900.0,560.4199829101562,yfinance
2026-08-28,SMH,11670900.0,573.0,yfinance
2026-08-29,SMH,11670900.0,553.1099853515625,yfinance
2026-09-03,SMH,11670900.0,552.5999755859375,yfinance
2026-09-04,SMH,124898769.15063368,545.23,aum_implied
2026-09-07,SMH,119509582.9199062,567.21,aum_implied
2026-09-08,SMH,119509582.9199062,567.21,aum_implied
2026-09-09,SMH,119509582.9199062,567.21,aum_implied
2026-09-10,SMH,118132917.1656617,573.82,aum_implied
2026-09-11,SMH,118048570.30806471,574.23,aum_implied
2026-09-12,SMH,121000732.79782942,560.22,aum_implied
2026-09-14,SMH,119223720.0837188,568.57,aum_implied
2026-09-15,SMH,125357430.4724919,540.75,aum_implied
2026-09-16,SMH,125357430.4724919,540.75,aum_implied
2026-09-17,SMH,125357430.4724919,540.75,aum_implied
2026-09-18,SMH,124270423.34824374,545.48,aum_implied
2026-09-22,SMH,113711825.48772919,596.13,aum_implied
2026-09-10,SOXX,79148079.86494575,528.2618,aum_implied
2026-09-11,SOXX,78601453.00685392,531.93555,aum_implied
2026-09-12,SOXX,78601453.00685392,531.93555,aum_implied
2026-09-14,SOXX,79302838.91934255,527.2309,aum_implied
2026-09-15,SOXX,84135708.44834583,496.94604,aum_implied
2026-09-16,SOXX,84135708.44834583,496.94604,aum_implied
2026-09-17,SOXX,84135708.44834583,496.94604,aum_implied
2026-09-18,SOXX,83299478.6095724,501.9348,aum_implied
2026-09-22,SOXX,74727769.00859116,559.50964,aum_implied
2026-09-10,TIP,140289381.61978105,106.99372,aum_implied
2026-09-11,TIP,140576476.65595788,106.77521,aum_implied
2026-09-12,TIP,140576476.65595788,106.77521,aum_implied
2026-09-14,TIP,141833562.54934263,105.82885,aum_implied
2026-09-15,TIP,141890048.35389546,105.78672,aum_implied
2026-09-16,TIP,141890048.35389546,105.78672,aum_implied
2026-09-17,TIP,141890048.35389546,105.78672,aum_implied
2026-09-18,TIP,142469451.96546963,105.3565,aum_implied
2026-09-22,TIP,142109943.40912205,105.62303,aum_implied
2026-08-05,TLT,109700000.0,83.0,
2026-08-07,TLT,109700000.0,82.76000213623047,
2026-08-10,TLT,109700000.0,82.05999755859375,yfinance
2026-08-11,TLT,109700000.0,82.19000244140625,yfinance
2026-08-12,TLT,109700000.0,82.11000061035156,yfinance
2026-08-13,TLT,109700000.0,82.58999633789062,yfinance
2026-08-14,TLT,109700000.0,82.04000091552734,yfinance
2026-08-17,TLT,109700000.0,81.3499984741211,yfinance
2026-08-18,TLT,109700000.0,81.66000366210938,yfinance
2026-08-19,TLT,109700000.0,83.0199966430664,yfinance
2026-08-20,TLT,109700000.0,82.33999633789062,yfinance
2026-08-21,TLT,109700000.0,82.05000305175781,yfinance
2026-08-24,TLT,109700000.0,82.55999755859375,yfinance
2026-08-25,TLT,109700000.0,83.47000122070312,yfinance
2026-08-27,TLT,109700000.0,83.30000305175781,yfinance
2026-08-28,TLT,109700000.0,83.12999725341797,yfinance
2026-08-29,TLT,109700000.0,82.87999725341797,yfinance
2026-09-01,TLT,109700000.0,81.87000274658203,yfinance
2026-09-02,TLT,109700000.0,81.94999694824219,yfinance
2026-09-03,TLT,109700000.0,82.06999969482422,yfinance
2026-09-04,TLT,507633243.9049306,81.83828,aum_implied
2026-09-07,TLT,572560008.1199118,82.16838,aum_implied
2026-09-08,TLT,572560008.1199118,82.16838,aum_implied
2026-09-09,TLT,572560008.1199118,82.16838,aum_implied
2026-09-10,TLT,572531927.9305547,82.17241,aum_implied
2026-09-11,TLT,575775783.1222969,81.70946,aum_implied
2026-09-12,TLT,575775783.1222969,81.70946,aum_implied
2026-09-14,TLT,582117205.1145184,80.81934,aum_implied
2026-09-15,TLT,581374906.5927622,80.92253,aum_implied
2026-09-16,TLT,581374906.5927622,80.92253,aum_implied
2026-09-17,TLT,581374906.5927622,80.92253,aum_implied
2026-09-18,TLT,581796573.6989124,80.86388,aum_implied
2026-09-22,TLT,575332117.5207255,81.77247,aum_implied
2026-09-04,USFR,372380859.95554143,50.384,aum_implied
2026-09-07,USFR,372306966.067389,50.394,aum_implied
2026-09-08,USFR,372306966.067389,50.394,aum_implied
2026-09-09,USFR,372306966.067389,50.394,aum_implied
2026-09-10,USFR,372159266.2355695,50.414,aum_implied
2026-09-11,USFR,372114979.1352638,50.42,aum_implied
2026-09-12,USFR,372063324.1715748,50.427,aum_implied
2026-09-14,USFR,371974806.16189855,50.439,aum_implied
2026-09-15,USFR,371827369.706098,50.459,aum_implied
2026-09-16,USFR,371827369.706098,50.459,aum_implied
2026-09-17,USFR,371827369.706098,50.459,aum_implied
2026-09-18,USFR,371702140.5816626,50.476,aum_implied
2026-09-22,USFR,371488708.99910897,50.505,aum_implied
2026-09-10,USO,13096788.965745764,144.858,aum_implied
2026-09-11,USO,12718205.10826574,149.17,aum_implied
2026-09-12,USO,12002344.929681716,158.067,aum_implied
2026-09-14,USO,12309085.020242916,154.128,aum_implied
2026-09-15,USO,12153974.541144816,156.095,aum_implied
2026-09-16,USO,12153974.541144816,156.095,aum_implied
2026-09-17,USO,12153974.541144816,156.095,aum_implied
2026-09-18,USO,12106276.91915002,156.71,aum_implied
2026-09-22,USO,12775070.74461638,148.506,aum_implied
2026-09-04,VGT,1422034087.2135,119.11,aum_implied
2026-09-07,VGT,1396820716.8728352,121.26,aum_implied
2026-09-08,VGT,1407316286.194953,121.26,aum_implied
2026-09-09,VGT,1407316286.194953,121.26,aum_implied
2026-09-10,VGT,1409874197.4884336,121.04,aum_implied
2026-09-11,VGT,1411973960.4832036,120.86,aum_implied
2026-09-12,VGT,1426610707.7746196,119.62,aum_implied
2026-09-14,VGT,1409059308.5954916,121.11,aum_implied
2026-09-15,VGT,1432238127.2681494,119.15,aum_implied
2026-09-16,VGT,1432238127.2681494,119.15,aum_implied
2026-09-17,VGT,1432238127.2681494,119.15,aum_implied
2026-09-18,VGT,1435249561.5138772,118.9,aum_implied
2026-09-22,VGT,1359228776.2962964,125.55,aum_implied
2026-09-10,XBI,70434186.9413074,161.9182,aum_implied
2026-09-11,XBI,71552198.0452632,159.38821,aum_implied
2026-09-12,XBI,72698937.57444267,156.87405,aum_implied
2026-09-14,XBI,73024684.33500601,156.17427,aum_implied
2026-09-15,XBI,72370095.09738977,157.58687,aum_implied
2026-09-16,XBI,72370095.09738977,157.58687,aum_implied
2026-09-17,XBI,72370095.09738977,157.58687,aum_implied
2026-09-18,XBI,73988445.48886314,154.13997,aum_implied
2026-09-22,XBI,72081466.19079967,158.21788,aum_implied
2026-09-10,XHB,13226899.427522782,100.69047,aum_implied
2026-09-11,XHB,13427486.658943826,99.1863,aum_implied
2026-09-12,XHB,13743466.547127998,96.90588,aum_implied
2026-09-14,XHB,13519460.310889496,98.51153,aum_implied
2026-09-15,XHB,13559738.343665186,98.21891,aum_implied
2026-09-16,XHB,13559738.343665186,98.21891,aum_implied
2026-09-17,XHB,13559738.343665186,98.21891,aum_implied
2026-09-18,XHB,13758975.336439846,96.79665,aum_implied
2026-09-22,XHB,13736774.351389935,96.95309,aum_implied
2026-08-05,XLB,71923696.0,52.63999938964844,
2026-08-07,XLB,71923696.0,52.86000061035156,
2026-08-10,XLB,71923696.0,53.18000030517578,yfinance
2026-08-11,XLB,71923696.0,53.2400016784668,yfinance
2026-08-12,XLB,71923696.0,52.58000183105469,yfinance
2026-08-13,XLB,71923696.0,52.310001373291016,yfinance
2026-08-14,XLB,71923696.0,52.540000915527344,yfinance
2026-08-17,XLB,71923696.0,52.2400016784668,yfinance
2026-08-18,XLB,71923696.0,51.77999877929688,yfinance
2026-08-19,XLB,71923696.0,52.52000045776367,yfinance
2026-08-20,XLB,71923696.0,52.41999816894531,yfinance
2026-08-21,XLB,71923696.0,53.540000915527344,yfinance
2026-08-24,XLB,71923696.0,53.58000183105469,yfinance
2026-08-25,XLB,71923696.0,53.58000183105469,yfinance
2026-08-27,XLB,71923696.0,53.66999816894531,yfinance
2026-08-28,XLB,71923696.0,53.22999954223633,yfinance
2026-08-29,XLB,71923696.0,53.18000030517578,yfinance
2026-09-01,XLB,71923696.0,52.06999969482422,yfinance
2026-09-02,XLB,71923696.0,52.95000076293945,yfinance
2026-09-03,XLB,71923696.0,52.619998931884766,yfinance
2026-09-04,XLB,165283843.35680392,52.95704,aum_implied
2026-09-07,XLB,166866517.05202731,52.45476,aum_implied
2026-09-08,XLB,166866517.05202731,52.45476,aum_implied
2026-09-09,XLB,166866517.05202731,52.45476,aum_implied
2026-09-10,XLB,168520664.7377699,51.93988,aum_implied
2026-09-11,XLB,170355582.93303502,51.38043,aum_implied
2026-09-12,XLB,172447999.3695451,50.757,aum_implied
2026-09-14,XLB,171803798.5903871,50.94732,aum_implied
2026-09-15,XLB,173434199.8693043,50.46838,aum_implied
2026-09-16,XLB,173434199.8693043,50.46838,aum_implied
2026-09-17,XLB,173434199.8693043,50.46838,aum_implied
2026-09-18,XLB,173757177.56002682,50.37457,aum_implied
2026-09-22,XLB,176012568.58160254,49.72908,aum_implied
2026-09-04,XLC,199545890.16557908,112.40611,aum_implied
2026-09-07,XLC,200139027.97980383,112.07298,aum_implied
2026-09-08,XLC,200139027.97980383,112.07298,aum_implied
2026-09-09,XLC,200139027.97980383,112.07298,aum_implied
2026-09-10,XLC,201115976.65064657,111.52857,aum_implied
2026-09-11,XLC,202426547.9010708,110.8065,aum_implied
2026-09-12,XLC,201233726.8649208,111.46331,aum_implied
2026-09-14,XLC,199173204.9068502,112.61644,aum_implied
2026-09-15,XLC,195013851.5252953,115.01838,aum_implied
2026-09-16,XLC,195013851.5252953,115.01838,aum_implied
2026-09-17,XLC,195013851.5252953,115.01838,aum_implied
2026-09-18,XLC,198533635.607182,112.97923,aum_implied
2026-09-22,XLC,195504557.5386807,114.72969,aum_implied
2026-08-05,XLE,186424000.0,57.310001373291016,
2026-08-07,XLE,186424000.0,57.5,
2026-08-10,XLE,186424000.0,60.18000030517578,yfinance
2026-08-11,XLE,186424000.0,60.93000030517578,yfinance
2026-08-12,XLE,186424000.0,61.02999877929688,yfinance
2026-08-13,XLE,186424000.0,61.060001373291016,yfinance
2026-08-14,XLE,186424000.0,61.90999984741211,yfinance
2026-08-17,XLE,186424000.0,62.58000183105469,yfinance
2026-08-18,XLE,186424000.0,63.68000030517578,yfinance
2026-08-19,XLE,186424000.0,63.58000183105469,yfinance
2026-08-20,XLE,186424000.0,63.75,yfinance
2026-08-21,XLE,186424000.0,63.63999938964844,yfinance
2026-08-24,XLE,186424000.0,63.11000061035156,yfinance
2026-08-25,XLE,186424000.0,62.060001373291016,yfinance
2026-08-27,XLE,186424000.0,62.43000030517578,yfinance
2026-08-28,XLE,186424000.0,62.290000915527344,yfinance
2026-08-29,XLE,186424000.0,62.68000030517578,yfinance
2026-09-01,XLE,186424000.0,64.7699966430664,yfinance
2026-09-02,XLE,186424000.0,65.0999984741211,yfinance
2026-09-03,XLE,186424000.0,64.62000274658203,yfinance
2026-09-04,XLE,636851596.1899656,65.06713,aum_implied
2026-09-07,XLE,646766536.1056288,64.06965,aum_implied
2026-09-08,XLE,646766536.1056288,64.06965,aum_implied
2026-09-09,XLE,646766536.1056288,64.06965,aum_implied
2026-09-10,XLE,639971632.3930025,64.74991,aum_implied
2026-09-11,XLE,634589716.083159,65.29905,aum_implied
2026-09-12,XLE,638199652.5780425,64.92969,aum_implied
2026-09-14,XLE,636179603.6776056,65.13586,aum_implied
2026-09-15,XLE,642011596.0899335,64.54417,aum_implied
2026-09-16,XLE,642011596.0899335,64.54417,aum_implied
2026-09-17,XLE,642011596.0899335,64.54417,aum_implied
2026-09-18,XLE,647001324.0400709,64.0464,aum_implied
2026-09-22,XLE,663731723.518112,62.43201,aum_implied
2026-08-05,XLF,883444992.0,58.0,
2026-08-07,XLF,883444992.0,57.59999847412109,
2026-08-10,XLF,883444992.0,57.810001373291016,yfinance
2026-08-11,XLF,883444992.0,57.79999923706055,yfinance
2026-08-12,XLF,883444992.0,57.91999816894531,yfinance
2026-08-13,XLF,883444992.0,58.2599983215332,yfinance
2026-08-14,XLF,883444992.0,58.15999984741211,yfinance
2026-08-17,XLF,883444992.0,57.58000183105469,yfinance
2026-08-18,XLF,883444992.0,57.84000015258789,yfinance
2026-08-19,XLF,883444992.0,57.47999954223633,yfinance
2026-08-20,XLF,883444992.0,56.95000076293945,yfinance
2026-08-21,XLF,883444992.0,57.47999954223633,yfinance
2026-08-24,XLF,883444992.0,58.220001220703125,yfinance
2026-08-25,XLF,883444992.0,58.310001373291016,yfinance
2026-08-27,XLF,883444992.0,58.2599983215332,yfinance
2026-08-28,XLF,883444992.0,57.880001068115234,yfinance
2026-08-29,XLF,883444992.0,58.09999847412109,yfinance
2026-09-01,XLF,883444992.0,57.20000076293945,yfinance
2026-09-02,XLF,883444992.0,57.65999984741211,yfinance
2026-09-03,XLF,883444992.0,58.560001373291016,yfinance
2026-09-04,XLF,947086359.2866644,57.64244,aum_implied
2026-09-07,XLF,939451600.8961488,58.11089,aum_implied
2026-09-08,XLF,939451600.8961488,58.11089,aum_implied
2026-09-09,XLF,939451600.8961488,58.11089,aum_implied
2026-09-10,XLF,952956947.2068348,57.28734,aum_implied
2026-09-11,XLF,956959190.1521094,57.04775,aum_implied
2026-09-12,XLF,959777396.1572596,56.88024,aum_implied
2026-09-14,XLF,953802905.941363,57.23653,aum_implied
2026-09-15,XLF,957154151.9384292,57.03613,aum_implied
2026-09-16,XLF,957154151.9384292,57.03613,aum_implied
2026-09-17,XLF,957154151.9384292,57.03613,aum_implied
2026-09-18,XLF,976155213.9249948,55.92591,aum_implied
2026-09-22,XLF,977030989.8134756,55.87578,aum_implied
2026-08-05,XLI,136626000.0,186.3500061035156,
2026-08-07,XLI,136626000.0,185.17999267578125,
2026-08-10,XLI,136626000.0,184.6000061035156,yfinance
2026-08-11,XLI,136626000.0,185.6999969482422,yfinance
2026-08-12,XLI,136626000.0,185.8800048828125,yfinance
2026-08-13,XLI,136626000.0,185.7899932861328,yfinance
2026-08-14,XLI,136626000.0,186.509994506836,yfinance
2026-08-17,XLI,136626000.0,186.32000732421875,yfinance
2026-08-18,XLI,136626000.0,183.57000732421875,yfinance
2026-08-19,XLI,136626000.0,181.9499969482422,yfinance
2026-08-20,XLI,136626000.0,179.77000427246094,yfinance
2026-08-21,XLI,136626000.0,180.25,yfinance
2026-08-24,XLI,136626000.0,179.0,yfinance
2026-08-25,XLI,136626000.0,178.39999389648438,yfinance
2026-08-27,XLI,136626000.0,180.33999633789065,yfinance
2026-08-28,XLI,136626000.0,178.8000030517578,yfinance
2026-08-29,XLI,136626000.0,177.13999938964844,yfinance
2026-09-01,XLI,136626000.0,172.72999572753906,yfinance
2026-09-02,XLI,136626000.0,172.77999877929688,yfinance
2026-09-03,XLI,136626000.0,174.55999755859375,yfinance
2026-09-04,XLI,184937400.1951523,172.74712,aum_implied
2026-09-07,XLI,182266193.1658372,175.27882,aum_implied
2026-09-08,XLI,182266193.1658372,175.27882,aum_implied
2026-09-09,XLI,182266193.1658372,175.27882,aum_implied
2026-09-10,XLI,183199484.17842087,174.38588,aum_implied
2026-09-11,XLI,186007648.4410739,171.75317,aum_implied
2026-09-12,XLI,187320262.0890903,170.54964,aum_implied
2026-09-14,XLI,185296565.0938553,172.41228,aum_implied
2026-09-15,XLI,188000659.4622332,169.9324,aum_implied
2026-09-16,XLI,188000659.4622332,169.9324,aum_implied
2026-09-17,XLI,188000659.4622332,169.9324,aum_implied
2026-09-18,XLI,189438927.9838152,168.64223,aum_implied
2026-09-22,XLI,187978834.1811309,169.95213,aum_implied
2026-08-05,XLK,272056000.0,186.8999938964844,
2026-08-07,XLK,272056000.0,185.3300018310547,
2026-08-10,XLK,272056000.0,186.32000732421875,yfinance
2026-08-14,XLK,272056000.0,190.009994506836,yfinance
2026-08-17,XLK,272056000.0,190.32000732421875,yfinance
2026-08-18,XLK,272056000.0,185.6199951171875,yfinance
2026-08-21,XLK,272056000.0,183.3099975585937,yfinance
2026-08-28,XLK,272056000.0,188.6100006103516,yfinance
2026-08-29,XLK,272056000.0,185.69000244140625,yfinance
2026-09-03,XLK,272056000.0,185.97000122070312,yfinance
2026-09-04,XLK,661381576.2252412,183.61221,aum_implied
2026-09-07,XLK,648263688.8686179,187.32768,aum_implied
2026-09-08,XLK,648263688.8686179,187.32768,aum_implied
2026-09-09,XLK,648263688.8686179,187.32768,aum_implied
2026-09-10,XLK,646363701.7850862,187.87833,aum_implied
2026-09-11,XLK,646405022.8055779,187.86632,aum_implied
2026-09-12,XLK,655710946.5059685,185.2001,aum_implied
2026-09-14,XLK,646872410.7921042,187.73058,aum_implied
2026-09-15,XLK,659134386.1587878,184.2382,aum_implied
2026-09-16,XLK,659134386.1587878,184.2382,aum_implied
2026-09-17,XLK,659134386.1587878,184.2382,aum_implied
2026-09-18,XLK,660087588.6051232,183.97215,aum_implied
2026-09-22,XLK,623247285.0284061,194.84679,aum_implied
2026-08-05,XLP,210172000.0,85.33000183105469,
2026-08-07,XLP,210172000.0,85.12000274658203,
2026-08-10,XLP,210172000.0,84.94999694824219,yfinance
2026-08-11,XLP,210172000.0,84.69000244140625,yfinance
2026-08-12,XLP,210172000.0,85.08000183105469,yfinance
2026-08-13,XLP,210172000.0,86.0,yfinance
2026-08-14,XLP,210172000.0,86.08999633789062,yfinance
2026-08-17,XLP,210172000.0,84.68000030517578,yfinance
2026-08-18,XLP,210172000.0,85.58000183105469,yfinance
2026-08-19,XLP,210172000.0,86.54000091552734,yfinance
2026-08-20,XLP,210172000.0,85.31999969482422,yfinance
2026-08-21,XLP,210172000.0,85.98999786376953,yfinance
2026-08-24,XLP,210172000.0,87.44999694824219,yfinance
2026-08-25,XLP,210172000.0,86.5199966430664,yfinance
2026-08-27,XLP,210172000.0,86.2699966430664,yfinance
2026-08-28,XLP,210172000.0,85.08000183105469,yfinance
2026-08-29,XLP,210172000.0,85.44999694824219,yfinance
2026-09-01,XLP,210172000.0,85.25,yfinance
2026-09-02,XLP,210172000.0,85.52999877929688,yfinance
2026-09-03,XLP,210172000.0,85.26000213623047,yfinance
2026-09-04,XLP,169903088.79911435,85.48824,aum_implied
2026-09-07,XLP,171672137.41603857,84.6073,aum_implied
2026-09-08,XLP,171672137.41603857,84.6073,aum_implied
2026-09-09,XLP,171672137.41603857,84.6073,aum_implied
2026-09-10,XLP,172929693.82928357,83.99203,aum_implied
2026-09-11,XLP,174935351.32583117,83.02905,aum_implied
2026-09-12,XLP,174768390.13928443,83.10837,aum_implied
2026-09-14,XLP,174126888.31864464,83.41455,aum_implied
2026-09-15,XLP,172075931.83456314,84.40876,aum_implied
2026-09-16,XLP,172075931.83456314,84.40876,aum_implied
2026-09-17,XLP,172075931.83456314,84.40876,aum_implied
2026-09-18,XLP,174259189.391589,83.35122,aum_implied
2026-09-22,XLP,177368638.4868285,81.88999,aum_implied
2026-09-04,XLRE,190083185.4266548,43.72915,aum_implied
2026-09-07,XLRE,189252630.24161983,43.92106,aum_implied
2026-09-08,XLRE,189252630.24161983,43.92106,aum_implied
2026-09-09,XLRE,189252630.24161983,43.92106,aum_implied
2026-09-10,XLRE,189417892.50169885,43.88274,aum_implied
2026-09-11,XLRE,191493291.8409276,43.40714,aum_implied
2026-09-12,XLRE,193176588.9437099,43.0289,aum_implied
2026-09-14,XLRE,191480234.5076376,43.4101,aum_implied
2026-09-15,XLRE,192734269.73183087,43.12765,aum_implied
2026-09-16,XLRE,192734269.73183087,43.12765,aum_implied
2026-09-17,XLRE,192734269.73183087,43.12765,aum_implied
2026-09-18,XLRE,194287710.06679785,42.78282,aum_implied
2026-09-22,XLRE,195202289.7739135,42.58237,aum_implied
2026-08-05,XLU,163274000.0,43.65999984741211,
2026-08-07,XLU,163274000.0,43.61000061035156,
2026-08-10,XLU,163274000.0,43.130001068115234,yfinance
2026-08-11,XLU,163274000.0,43.630001068115234,yfinance
2026-08-12,XLU,163274000.0,43.84000015258789,yfinance
2026-08-13,XLU,163274000.0,44.040000915527344,yfinance
2026-08-14,XLU,163274000.0,44.310001373291016,yfinance
2026-08-17,XLU,163274000.0,44.18000030517578,yfinance
2026-08-18,XLU,163274000.0,44.02000045776367,yfinance
2026-08-19,XLU,163274000.0,44.02000045776367,yfinance
2026-08-20,XLU,163274000.0,43.77000045776367,yfinance
2026-08-21,XLU,163274000.0,42.77000045776367,yfinance
2026-08-24,XLU,163274000.0,43.220001220703125,yfinance
2026-08-25,XLU,163274000.0,43.310001373291016,yfinance
2026-08-27,XLU,163274000.0,43.5099983215332,yfinance
2026-08-28,XLU,163274000.0,43.18000030517578,yfinance
2026-08-29,XLU,163274000.0,42.72999954223633,yfinance
2026-09-01,XLU,163274000.0,42.560001373291016,yfinance
2026-09-02,XLU,163274000.0,42.66999816894531,yfinance
2026-09-03,XLU,163274000.0,43.02999877929688,yfinance
2026-09-04,XLU,511974479.3887875,42.65227,aum_implied
2026-09-07,XLU,507067186.2217738,43.06505,aum_implied
2026-09-08,XLU,507067186.2217738,43.06505,aum_implied
2026-09-09,XLU,507067186.2217738,43.06505,aum_implied
2026-09-10,XLU,502695439.38855743,43.43957,aum_implied
2026-09-11,XLU,508487620.20968807,42.94475,aum_implied
2026-09-12,XLU,513549481.3207261,42.52146,aum_implied
2026-09-14,XLU,515307185.6471122,42.37642,aum_implied
2026-09-15,XLU,522311283.9216076,41.80816,aum_implied
2026-09-16,XLU,522311283.9216076,41.80816,aum_implied
2026-09-17,XLU,522311283.9216076,41.80816,aum_implied
2026-09-18,XLU,528424390.567339,41.3245,aum_implied
2026-09-22,XLU,537315129.4563679,40.64072,aum_implied
2026-08-05,XLV,197415008.0,162.10000610351562,
2026-08-07,XLV,197415008.0,164.4499969482422,
2026-08-10,XLV,197415008.0,168.44000244140625,yfinance
2026-08-14,XLV,197415008.0,167.3699951171875,yfinance
2026-08-17,XLV,197415008.0,167.0500030517578,yfinance
2026-08-18,XLV,197415008.0,169.72999572753906,yfinance
2026-08-21,XLV,197415008.0,174.6199951171875,yfinance
2026-08-28,XLV,197415008.0,171.5800018310547,yfinance
2026-08-29,XLV,197415008.0,171.16000366210938,yfinance
2026-09-03,XLV,197415008.0,173.25999450683594,yfinance
2026-09-04,XLV,253865416.6243411,172.96481,aum_implied
2026-09-07,XLV,256044696.6794204,171.49265,aum_implied
2026-09-08,XLV,256044696.6794204,171.49265,aum_implied
2026-09-09,XLV,256044696.6794204,171.49265,aum_implied
2026-09-10,XLV,262735752.3610882,167.12527,aum_implied
2026-09-11,XLV,263687993.8439269,166.52174,aum_implied
2026-09-12,XLV,265076991.04076403,165.64917,aum_implied
2026-09-14,XLV,265448909.82237145,165.41708,aum_implied
2026-09-15,XLV,261809500.43448308,167.71654,aum_implied
2026-09-16,XLV,261809500.43448308,167.71654,aum_implied
2026-09-17,XLV,261809500.43448308,167.71654,aum_implied
2026-09-18,XLV,261783168.6126217,167.73341,aum_implied
2026-09-22,XLV,259877301.0410768,168.96352,aum_implied
2026-08-05,XLY,120253000.0,118.29000091552734,
2026-08-07,XLY,120253000.0,118.0999984741211,
2026-08-10,XLY,120253000.0,119.66999816894533,yfinance
2026-08-14,XLY,120253000.0,118.1999969482422,yfinance
2026-08-17,XLY,120253000.0,116.75,yfinance
2026-08-18,XLY,120253000.0,116.36000061035156,yfinance
2026-08-21,XLY,120253000.0,118.0199966430664,yfinance
2026-08-28,XLY,120253000.0,115.87999725341795,yfinance
2026-08-29,XLY,120253000.0,117.20999908447266,yfinance
2026-09-03,XLY,120253000.0,116.45999908447266,yfinance
2026-09-04,XLY,198023550.31871608,114.88439,aum_implied
2026-09-07,XLY,197981708.29059288,114.90867,aum_implied
2026-09-08,XLY,197981708.29059288,114.90867,aum_implied
2026-09-09,XLY,197981708.29059288,114.90867,aum_implied
2026-09-10,XLY,199526121.90066537,114.01923,aum_implied
2026-09-11,XLY,202271836.0359589,112.47149,aum_implied
2026-09-12,XLY,203215718.71642727,111.94909,aum_implied
2026-09-14,XLY,201439545.4991,112.93619,aum_implied
2026-09-15,XLY,201649736.8205756,112.81847,aum_implied
2026-09-16,XLY,201649736.8205756,112.81847,aum_implied
2026-09-17,XLY,201649736.8205756,112.81847,aum_implied
2026-09-18,XLY,206545135.2822637,110.14452,aum_implied
2026-09-22,XLY,202765808.6112265,112.19749,aum_implied
2026-08-05,XOP,70500000.0,165.19000244140625,
2026-08-07,XOP,70500000.0,166.39999389648438,
2026-08-10,XOP,70500000.0,175.92999267578125,yfinance
2026-08-11,XOP,70500000.0,178.3699951171875,yfinance
2026-08-12,XOP,70500000.0,178.5800018310547,yfinance
2026-08-13,XOP,70500000.0,179.1699981689453,yfinance
2026-08-14,XOP,70500000.0,180.4900054931641,yfinance
2026-08-17,XOP,70500000.0,183.3500061035156,yfinance
2026-08-18,XOP,70500000.0,185.3500061035156,yfinance
2026-08-19,XOP,70500000.0,186.3300018310547,yfinance
2026-08-20,XOP,70500000.0,187.4499969482422,yfinance
2026-08-21,XOP,70500000.0,189.5399932861328,yfinance
2026-08-24,XOP,70500000.0,186.2400054931641,yfinance
2026-08-25,XOP,70500000.0,182.72999572753903,yfinance
2026-08-27,XOP,70500000.0,184.4600067138672,yfinance
2026-08-28,XOP,70500000.0,185.47000122070312,yfinance
2026-08-29,XOP,70500000.0,185.94000244140625,yfinance
2026-09-01,XOP,70500000.0,192.72000122070312,yfinance
2026-09-02,XOP,70500000.0,193.1600036621093,yfinance
2026-09-03,XOP,70500000.0,192.3300018310547,yfinance
2026-09-04,XOP,20639698.79281029,193.1428,aum_implied
2026-09-07,XOP,20897861.65421102,190.7568,aum_implied
2026-09-08,XOP,20897861.65421102,190.7568,aum_implied
2026-09-09,XOP,20897861.65421102,190.7568,aum_implied
2026-09-10,XOP,20569720.79496235,193.79987,aum_implied
2026-09-11,XOP,20445277.753872126,194.97946,aum_implied
2026-09-12,XOP,20403777.331140503,195.37604,aum_implied
2026-09-14,XOP,20363875.29208766,195.75887,aum_implied
2026-09-15,XOP,20599547.641924635,193.51926,aum_implied
2026-09-16,XOP,20599547.641924635,193.51926,aum_implied
2026-09-17,XOP,20599547.641924635,193.51926,aum_implied
2026-09-18,XOP,20795940.64844748,191.6917,aum_implied
2026-09-22,XOP,21585202.799398966,184.6825,aum_implied
2026-09-10,XRT,4224518.7069712,85.69987,aum_implied
2026-09-11,XRT,4291558.256746916,84.36113,aum_implied
2026-09-12,XRT,4328954.7730089165,83.63236,aum_implied
2026-09-14,XRT,4268791.169453607,84.81106,aum_implied
2026-09-15,XRT,4233752.451090454,85.51296,aum_implied
2026-09-16,XRT,4233752.451090454,85.51296,aum_implied
2026-09-17,XRT,4233752.451090454,85.51296,aum_implied
2026-09-18,XRT,4378584.838423592,82.68441,aum_implied
2026-09-22,XRT,4386297.5838579135,82.53902,aum_implied
2026-09-10,XTN,3474233.887363139,103.71223,aum_implied
2026-09-11,XTN,3526130.917785943,102.18581,aum_implied
2026-09-12,XTN,3534038.9957938213,101.95715,aum_implied
2026-09-14,XTN,3515621.465552972,102.49128,aum_implied
2026-09-15,XTN,3503254.0973485485,102.8531,aum_implied
2026-09-16,XTN,3503254.0973485485,102.8531,aum_implied
2026-09-17,XTN,3503254.0973485485,102.8531,aum_implied
2026-09-18,XTN,3595487.725597006,100.21465,aum_implied
2026-09-22,XTN,3567850.538657283,100.99093,aum_implied
